hcode,chwname,hospname,type,level,beds,pop_uc,service_group
10674,เชียงราย,รพ.เชียงรายประชานุเคราะห์,รพศ.,A,793,149576,รพศ.A B>700to1000
11189,เชียงราย,รพ.เทิง,รพช.,F1,87,59060,"รพช.F1 P50,000-100,000"
11190,เชียงราย,รพ.พาน,รพช.,M2,145,80101,รพช.M2 B>100
11191,เชียงราย,รพ.ป่าแดด,รพช.,F2,30,18097,"รพช.F2 P<=30,000"
11192,เชียงราย,รพ.แม่จัน,รพช.,M2,120,71142,รพช.M2 B>100
11193,เชียงราย,รพ.เชียงแสน,รพช.,F1,58,36248,"รพช.F1 P<=50,000"
11194,เชียงราย,รพ.แม่สาย,รพท.,M1,156,61324,รพท.M1 B>200
11195,เชียงราย,รพ.แม่สรวย,รพช.,F1,60,61595,"รพช.F1 P50,000-100,000"
11196,เชียงราย,รพ.เวียงป่าเป้า,รพช.,F1,81,48791,"รพช.F1 P<=50,000"
11197,เชียงราย,รพ.พญาเม็งราย,รพช.,F2,60,30653,"รพช.F2 P30,000-60,000"
11198,เชียงราย,รพ.เวียงแก่น,รพช.,F1,34,27564,"รพช.F1 P<=50,000"
11199,เชียงราย,รพ.ขุนตาล,รพช.,F2,30,20338,"รพช.F2 P<=30,000"
11200,เชียงราย,รพ.แม่ฟ้าหลวง,รพช.,F1,30,48241,"รพช.F1 P<=50,000"
11201,เชียงราย,รพ.แม่ลาว,รพช.,F2,30,20623,"รพช.F2 P<=30,000"
11202,เชียงราย,รพ.เวียงเชียงรุ้ง,รพช.,F2,30,21028,"รพช.F2 P<=30,000"
11454,เชียงราย,รพ.สมเด็จพระยุพราชเชียงของ,รพช.,M2,60,44072,รพช.M2 B<=100
15012,เชียงราย,รพ.สมเด็จพระญาณสังวร,รพช.,F1,53,31599,"รพช.F1 P<=50,000"
28823,เชียงราย,รพ.ดอยหลวง,รพช.,F3,11,14120,"รพช.F3 P<=15,000"
06009,เชียงใหม่,รพ.แม่ตื่น,รพช.,F3,16,13316,"รพช.F3 P<=15,000"
10713,เชียงใหม่,รพ.นครพิงค์,รพศ.,A,760,86520,รพศ.A B>700to1000
11119,เชียงใหม่,รพ.จอมทอง,รพท.,M1,242,46087,รพท.M1 B>200
11120,เชียงใหม่,รพ.เทพรัตนเวชชานุกูล เฉลิมพระเกียรติ 60 พรรษา,รพช.,F2,60,41340,"รพช.F2 P30,000-60,000"
11121,เชียงใหม่,รพ.เชียงดาว,รพช.,M2,115,59134,รพช.M2 B>100
11122,เชียงใหม่,รพ.ดอยสะเก็ด,รพช.,F1,62,38808,"รพช.F1 P<=50,000"
11123,เชียงใหม่,รพ.แม่แตง,รพช.,F2,60,44601,"รพช.F2 P30,000-60,000"
11124,เชียงใหม่,รพ.สะเมิง,รพช.,F2,37,18805,"รพช.F2 P<=30,000"
11125,เชียงใหม่,รพ.ฝาง,รพท.,M1,232,42490,รพท.M1 B>200
11126,เชียงใหม่,รพ.แม่อาย,รพช.,F1,84,44604,"รพช.F1 P<=50,000"
11127,เชียงใหม่,รพ.พร้าว,รพช.,F2,60,27631,"รพช.F2 P<=30,000"
11128,เชียงใหม่,รพ.สันป่าตอง,รพท.,M1,199,42312,รพท.M1 B>200
11129,เชียงใหม่,รพ.สันกำแพง,รพช.,F2,50,34127,"รพช.F2 P30,000-60,000"
11130,เชียงใหม่,รพ.สันทราย,รพท.,M1,277,61477,รพท.M1 B>200
11131,เชียงใหม่,รพ.หางดง,รพช.,M2,90,45316,รพช.M2 B<=100
11132,เชียงใหม่,รพ.ฮอด,รพช.,F1,60,39583,"รพช.F1 P<=50,000"
11133,เชียงใหม่,รพ.ดอยเต่า,รพช.,F2,30,18818,"รพช.F2 P<=30,000"
11134,เชียงใหม่,รพ.อมก๋อย,รพช.,F1,78,42871,"รพช.F1 P<=50,000"
11135,เชียงใหม่,รพ.สารภี,รพช.,F1,71,39686,"รพช.F1 P<=50,000"
11136,เชียงใหม่,รพ.เวียงแหง,รพช.,F2,30,14961,"รพช.F2 P<=30,000"
11137,เชียงใหม่,รพ.ไชยปราการ,รพช.,F2,35,22112,"รพช.F2 P<=30,000"
11138,เชียงใหม่,รพ.แม่วาง,รพช.,F2,37,24299,"รพช.F2 P<=30,000"
11139,เชียงใหม่,รพ.แม่ออน,รพช.,F2,33,15081,"รพช.F2 P<=30,000"
11643,เชียงใหม่,รพ.ดอยหล่อ,รพช.,F2,31,15750,"รพช.F2 P<=30,000"
23736,เชียงใหม่,รพ.วัดจันทร์ เฉลิมพระเกียรติ 80 พรรษา,รพช.,F3,24,11250,"รพช.F3 P<=15,000"
10716,น่าน,รพ.น่าน,รพท.,S,569,63186,รพท.S B>400
11173,น่าน,รพ.แม่จริม,รพช.,F2,26,12062,"รพช.F2 P<=30,000"
11174,น่าน,รพ.บ้านหลวง,รพช.,F2,25,7612,"รพช.F2 P<=30,000"
11175,น่าน,รพ.นาน้อย,รพช.,F2,30,22282,"รพช.F2 P<=30,000"
11176,น่าน,รพ.ท่าวังผา,รพช.,F1,45,32492,"รพช.F1 P<=50,000"
11177,น่าน,รพ.เวียงสา,รพช.,F1,70,45529,"รพช.F1 P<=50,000"
11178,น่าน,รพ.ทุ่งช้าง,รพช.,F2,30,14130,"รพช.F2 P<=30,000"
11179,น่าน,รพ.เชียงกลาง,รพช.,F2,30,16985,"รพช.F2 P<=30,000"
11180,น่าน,รพ.นาหมื่น,รพช.,F2,35,9665,"รพช.F2 P<=30,000"
11181,น่าน,รพ.สันติสุข,รพช.,F2,21,10729,"รพช.F2 P<=30,000"
11182,น่าน,รพ.บ่อเกลือ,รพช.,F2,16,11927,"รพช.F2 P<=30,000"
11183,น่าน,รพ.สองแคว,รพช.,F2,30,8707,"รพช.F2 P<=30,000"
11453,น่าน,รพ.สมเด็จพระยุพราชปัว,รพช.,M2,124,42631,รพช.M2 B>100
11625,น่าน,รพ.เฉลิมพระเกียรติ (น่าน),รพช.,F2,30,8093,"รพช.F2 P<=30,000"
25017,น่าน,รพ.ภูเพียง,รพช.,F2,20,15105,"รพช.F2 P<=30,000"
10717,พะเยา,รพ.พะเยา,รพท.,S,400,73876,รพท.S B<=400
10718,พะเยา,รพ.เชียงคำ,รพท.,M1,231,52347,รพท.M1 B>200
11184,พะเยา,รพ.จุน,รพช.,F2,32,34550,"รพช.F2 P30,000-60,000"
11185,พะเยา,รพ.เชียงม่วน,รพช.,F2,30,12033,"รพช.F2 P<=30,000"
11186,พะเยา,รพ.ดอกคำใต้,รพช.,F2,60,44532,"รพช.F2 P30,000-60,000"
11187,พะเยา,รพ.ปง,รพช.,F2,33,36075,"รพช.F2 P30,000-60,000"
11188,พะเยา,รพ.แม่ใจ,รพช.,F2,30,20597,"รพช.F2 P<=30,000"
40744,พะเยา,รพ.ภูซาง,รพช.,F3,0,22199,"รพช.F3 P15,000-25,000"
40745,พะเยา,รพ.ภูกามยาว,รพช.,F3,0,14446,"รพช.F3 P<=15,000"
10715,แพร่,รพ.แพร่,รพท.,S,535,72958,รพท.S B>400
11166,แพร่,รพ.ร้องกวาง,รพช.,F2,35,32711,"รพช.F2 P30,000-60,000"
11167,แพร่,รพ.ลอง,รพช.,F2,43,35824,"รพช.F2 P30,000-60,000"
11169,แพร่,รพ.สูงเม่น,รพช.,F1,64,45122,"รพช.F1 P<=50,000"
11170,แพร่,รพ.สอง,รพช.,F2,55,31954,"รพช.F2 P30,000-60,000"
11171,แพร่,รพ.วังชิ้น,รพช.,F2,30,32174,"รพช.F2 P30,000-60,000"
11172,แพร่,รพ.หนองม่วงไข่,รพช.,F2,32,10132,"รพช.F2 P<=30,000"
11452,แพร่,รพ.สมเด็จพระยุพราชเด่นชัย,รพช.,F1,50,24468,"รพช.F1 P<=50,000"
10719,แม่ฮ่องสอน,รพ.ศรีสังวาลย์,รพท.,S,154,30745,รพท.S B<=400
11203,แม่ฮ่องสอน,รพ.ขุนยวม,รพช.,F2,30,15754,"รพช.F2 P<=30,000"
11204,แม่ฮ่องสอน,รพ.ปาย,รพช.,F1,58,26271,"รพช.F1 P<=50,000"
11205,แม่ฮ่องสอน,รพ.แม่สะเรียง,รพช.,M2,96,40738,รพช.M2 B<=100
11206,แม่ฮ่องสอน,รพ.แม่ลาน้อย,รพช.,F2,34,26718,"รพช.F2 P<=30,000"
11207,แม่ฮ่องสอน,รพ.สบเมย,รพช.,F2,30,32447,"รพช.F2 P30,000-60,000"
11208,แม่ฮ่องสอน,รพ.ปางมะผ้า,รพช.,F2,29,15531,"รพช.F2 P<=30,000"
10672,ลำปาง,รพ.ลำปาง,รพศ.,A,734,139134,รพศ.A B>700to1000
11146,ลำปาง,รพ.แม่เมาะ,รพช.,F2,30,23161,"รพช.F2 P<=30,000"
11147,ลำปาง,รพ.เกาะคา,รพท.,M1,230,37313,รพท.M1 B>200
11148,ลำปาง,รพ.เสริมงาม,รพช.,F2,30,22862,"รพช.F2 P<=30,000"
11149,ลำปาง,รพ.งาว,รพช.,F2,37,36131,"รพช.F2 P30,000-60,000"
11150,ลำปาง,รพ.แจ้ห่ม,รพช.,F2,30,24570,"รพช.F2 P<=30,000"
11151,ลำปาง,รพ.วังเหนือ,รพช.,F2,30,30175,"รพช.F2 P30,000-60,000"
11152,ลำปาง,รพ.เถิน,รพช.,M2,81,39341,รพช.M2 B<=100
11153,ลำปาง,รพ.แม่พริก,รพช.,F2,16,10264,"รพช.F2 P<=30,000"
11154,ลำปาง,รพ.แม่ทะ,รพช.,F2,33,36189,"รพช.F2 P30,000-60,000"
11155,ลำปาง,รพ.สบปราบ,รพช.,F2,32,19849,"รพช.F2 P<=30,000"
11156,ลำปาง,รพ.ห้างฉัตร,รพช.,F2,30,32522,"รพช.F2 P30,000-60,000"
11157,ลำปาง,รพ.เมืองปาน,รพช.,F2,30,22505,"รพช.F2 P<=30,000"
10714,ลำพูน,รพ.ลำพูน,รพท.,S,428,77486,รพท.S B>400
11140,ลำพูน,รพ.แม่ทา,รพช.,F2,30,26461,"รพช.F2 P<=30,000"
11141,ลำพูน,รพ.บ้านโฮ่ง,รพช.,F2,30,24888,"รพช.F2 P<=30,000"
11142,ลำพูน,รพ.ลี้,รพช.,F1,74,51448,"รพช.F1 P50,000-100,000"
11143,ลำพูน,รพ.ทุ่งหัวช้าง,รพช.,F2,30,16310,"รพช.F2 P<=30,000"
11144,ลำพูน,รพ.ป่าซาง,รพช.,M2,75,35434,รพช.M2 B<=100
11145,ลำพูน,รพ.บ้านธิ,รพช.,F2,30,11019,"รพช.F2 P<=30,000"
24956,ลำพูน,รพ.เวียงหนองล่อง,รพช.,F2,16,11304,"รพช.F2 P<=30,000"
